1,number_of_matches,average,sum,reads_ratio,all_sum,all_ratio,product
gi|158516887|ref|NC_009942.1|_West_Nile_virus__complete_genome,51.0,104.86274509803921,10696.0,0.796875,45583009.5,0.9995738414307044,50.93333333333334
AY083219.1_Trichosporon_beigelii_strain_NCPF_3932_18S_ribosomal_RNA_gene,4.0,92.71428571428571,649.0,0.0625,15042.892857142857,0.0003298703259038829,3.5319727891156463
EU034726.1_Candida_tropicalis_strain_W103_18S_ribosomal_RNA_gene,1.0,80.0,80.0,0.015625,100.0,2.1928649564717844e-06,0.761904761904762
